Structure,Diameter (inches),Length (km),Metal,Plastic,Concrete,Residue,Chemicals,Hydrocarbon,Burial Status,Final Decommissioning Option
PL4210,3.834645669,1.85,1,1,0,1,1,0,0,FullRemoval
PL597B,4.503937008,1.99,1,1,0,1,1,0,0,FullRemoval
PL597A,6.933070866,1.96,1,1,0,1,1,0,0,FullRemoval
PL3018,2.374015748,0.0127,1,1,0,1,1,0,0,FullRemoval
PL3019,2.374015748,0.0183,1,1,0,1,1,0,0,FullRemoval
PL3020,2.374015748,0.0096,1,1,0,1,1,0,0,FullRemoval
PL3021,2.374015748,0.016,1,1,0,1,1,0,0,FullRemoval
PL1661.1-PL1661.22,6.65,0.303,1,1,0,1,1,0,0,FullRemoval
PL1691,3,0.1,1,1,0,1,1,0,0,FullRemoval
PL2808,8,0.325,1,1,0,1,1,0,0,FullRemoval
PL2809,7,0.325,1,1,0,1,1,0,0,FullRemoval
PL3008,8,0.343,1,1,0,1,1,0,0,FullRemoval
PL3008,8,0.002,1,1,0,1,1,0,0,FullRemoval
PL3008JAW2,8,0.052,1,1,0,1,1,0,0,FullRemoval
PL3008JAW2,8,0.002,1,1,0,1,1,0,0,FullRemoval
PLU3009JAW1,4.291338583,0.07,1,1,0,1,1,0,0,FullRemoval
PL1979 (3),20,0.2,1,1,0,1,1,0,0,FullRemoval
PL3122GEW,3.858267717,0.08,1,1,0,1,1,0,0,FullRemoval
PL3122GWW,3.858267717,0.05,1,1,0,1,1,0,0,FullRemoval
PL1451 (1.01),,0.3,1,1,0,1,1,0,0,FullRemoval
PL1454 (1.01),,0.3,1,1,0,1,1,0,0,FullRemoval
PL3568,,0.1,1,1,0,1,1,0,0,FullRemoval
PL1454 (1.03),,0.1,1,1,0,1,1,0,0,FullRemoval
PL1726,,0.2,1,1,0,1,1,0,0,FullRemoval
PL3569,,0.1,1,1,0,1,1,0,0,FullRemoval
PL2165,4,0.165,1,1,0,1,1,0,0,FullRemoval
PL2067JW12,0.75,0.088,1,1,0,1,1,0,0,FullRemoval
PL2067JWAB2,0.75,0.198,1,1,0,1,1,0,0,FullRemoval
PL2804JP11,0.5,0.025,1,1,0,1,1,0,0,FullRemoval
PL2446JI5,6.625984252,0.04,1,1,0,1,1,0,0,FullRemoval
PL1657.1,7,0.065,1,1,0,1,1,0,0,FullRemoval
PL1657.2,7,0.091,1,1,0,1,1,0,0,FullRemoval
PL1657.3,7,0.021,1,1,0,1,1,0,0,FullRemoval
PL1657.4,7,0.036,1,1,0,1,1,0,0,FullRemoval
PL1657.5,7,0.085,1,1,0,1,1,0,0,FullRemoval
PL1658.4,2,0.05,1,1,0,1,1,0,0,FullRemoval
PL1658.7,2,0.05,1,1,0,1,1,0,0,FullRemoval
PL1658.9,2,0.05,1,1,0,1,1,0,0,FullRemoval
PL1658.2,2,0.05,1,1,0,1,1,0,0,FullRemoval
PL1658.5,2,0.05,1,1,0,1,1,0,0,FullRemoval
PL1658.13,2,0.05,1,1,0,1,1,0,0,FullRemoval
PL1658.5,2,0.05,1,1,0,1,1,0,0,FullRemoval
PL1658.3,2,0.1,1,1,0,1,1,0,0,FullRemoval
PL1658.6,2,0.05,1,1,0,1,1,0,0,FullRemoval
PL1658.14,2,0.05,1,1,0,1,1,0,0,FullRemoval
PL1658.25,2,0.05,1,1,0,1,1,0,0,FullRemoval
PL1658.8,2,0.05,1,1,0,1,1,0,0,FullRemoval
PL1658.15,2,0.05,1,1,0,1,1,0,0,FullRemoval
PL1658.10,2,0.05,1,1,0,1,1,0,0,FullRemoval
PL1658.12,2,0.05,1,1,0,1,1,0,0,FullRemoval
PL1659.2,2,0.05,1,1,0,1,1,0,0,FullRemoval
PL1659.5,2,0.06,1,1,0,1,1,0,0,FullRemoval
PL1659.13,2,0.05,1,1,0,1,1,0,0,FullRemoval
PL1659.3,2,0.05,1,1,0,1,1,0,0,FullRemoval
PL1659.6,2,0.05,1,1,0,1,1,0,0,FullRemoval
PL1659.14,2,0.05,1,1,0,1,1,0,0,FullRemoval
PL1659.4,2,0.05,1,1,0,1,1,0,0,FullRemoval
PL1659.7,2,0.6,1,1,0,1,1,0,0,FullRemoval
PL1659.8,2,0.05,1,1,0,1,1,0,0,FullRemoval
PL1659.24,2,0.05,1,1,0,1,1,0,0,FullRemoval
PL1659.16,2,0.05,1,1,0,1,1,0,0,FullRemoval
PL1659.10,2,0.05,1,1,0,1,1,0,0,FullRemoval
PL1659.12,2,0.05,1,1,0,1,1,0,0,FullRemoval
PL1659.15,2,0.6,1,1,0,1,1,0,0,FullRemoval
PL1659JP7,2,0.05,1,1,0,1,1,0,0,FullRemoval
PL2819JW1,6,0.026,1,1,0,1,1,0,0,FullRemoval
PL2820JP1,2,0.06,1,1,0,1,1,0,0,FullRemoval
PL2820JP2,2,0.044,1,1,0,1,1,0,0,FullRemoval
PL2820JP3,2,0.053,1,1,0,1,1,0,0,FullRemoval
PL2820JP4,2,0.042,1,1,0,1,1,0,0,FullRemoval
PL1623.1 and PL1623.2 ,0.75,0.037,1,1,0,1,1,0,0,FullRemoval
PL1375/1-7,8,0.725,1,1,0,1,1,0,0,FullRemoval
PL1376/1-6,6,0.04,1,1,0,1,1,0,0,FullRemoval
PL1377/1-6,6,0.17,1,1,0,1,1,0,0,FullRemoval
PL1378/1-6,6,0.145,1,1,0,1,1,0,0,FullRemoval
PL1380/1-7,8,0.74,1,1,0,1,1,0,0,FullRemoval
PL1381/1-7,4,0.145,1,1,0,1,1,0,0,FullRemoval
PL1382/1-5,6,0.054,1,1,0,1,1,0,0,FullRemoval
PL1397,10,0.697,1,1,0,1,1,0,0,FullRemoval
PL1403/1-5,4,0.239,1,1,0,1,1,0,0,FullRemoval
PL1404/1-3,0.5,0.09,1,1,0,1,1,0,0,FullRemoval
PL1405/1-3,0.5,0.066,1,1,0,1,1,0,0,FullRemoval
PL1406/1-3,0.5,0.066,1,1,0,1,1,0,0,FullRemoval
PL1408/1-3,0.5,0.06,1,1,0,1,1,0,0,FullRemoval
PL1409/1-3,0.5,0.11,1,1,0,1,1,0,0,FullRemoval
PL1410/1-3,4,0.082,1,1,0,1,1,0,0,FullRemoval
PL1412,12,0.777,1,1,0,1,1,0,0,FullRemoval
PL1776/1-3,4,0.04,1,1,0,1,1,0,0,FullRemoval
PL1777/1-3,4,0.042,1,1,0,1,1,0,0,FullRemoval
PL1780/1-3,4,0.06,1,1,0,1,1,0,0,FullRemoval
PL1781/1-3,4,0.07,1,1,0,1,1,0,0,FullRemoval
PL1850.1-10,4,0.098,1,1,0,1,1,0,0,FullRemoval
PL1982,12,0.725,1,1,0,1,1,0,0,FullRemoval
PL2025JWW1/1-3,4,0.166,1,1,0,1,1,0,0,FullRemoval
PL1370/1-5,6,0.089,1,1,0,1,1,0,0,FullRemoval
PL1372/1-3,4,0.13,1,1,0,1,1,0,0,FullRemoval
PL1373/1-3,4,0.09,1,1,0,1,1,0,0,FullRemoval
PL1374/1-3,4,0.088,1,1,0,1,1,0,0,FullRemoval
PL2018.1-9(JLP07),4,0.138,1,1,0,1,1,0,0,FullRemoval
PL2019.1-6(JLW10),4,0.12,1,1,0,1,1,0,0,FullRemoval
PL2020(JLW10),6,0.082,1,1,0,1,1,0,0,FullRemoval
PL1443.3,8.81,0.06,1,1,0,1,1,0,0,FullRemoval
PL2031JAW1,4,0.144,1,1,0,1,1,0,0,FullRemoval
PL2031JAW2,4,0.04,1,1,0,1,1,0,0,FullRemoval
PL855,3,26.75,1,1,0,1,1,0,0,FullRemoval
PL2811,3,28,1,1,0,1,1,0,0,FullRemoval
PL985.1,0.375,2,1,1,0,1,1,0,0,FullRemoval
PL985.2,0.375,2,1,1,0,1,1,0,0,FullRemoval
PL985.3,0.375,2,1,1,0,1,1,0,0,FullRemoval
PL2350JN2,3.5,9.519,1,1,0,1,1,0,0,FullRemoval
PL2351JN2,4,0.0604,1,1,0,1,1,0,0,FullRemoval
PL236,3,0.385,1,1,0,1,1,0,0,FullRemoval
PL237,4,0.3663,1,1,0,1,1,0,0,FullRemoval
PL238,8.875,0.347,1,1,0,1,1,0,0,FullRemoval
PL34,8.875,0.336,1,1,0,1,1,0,0,FullRemoval
PL647,0.5,0.19,1,1,0,1,1,0,0,FullRemoval
PL772,4.5,2.514,1,0,0,1,1,0,0,FullRemoval
PL170,4.5,2.519,1,0,0,1,1,0,0,FullRemoval
PL3017,4.5,1.628,1,0,0,1,1,0,0,FullRemoval
PL2672,6,0.85,1,1,0,1,0,1,0,FullRemoval
PL2418,1,0.02,1,1,0,1,0,1,0,FullRemoval
PL2418J1,1.5,0.02,1,1,0,1,0,1,0,FullRemoval
PL2409,7,0.275,1,1,0,1,0,1,0,FullRemoval
PL2818JP1,6,0.06,1,1,0,1,0,1,0,FullRemoval
PL2818JP2,6,0.044,1,1,0,1,0,1,0,FullRemoval
PL2818JP3,6,0.053,1,1,0,1,0,1,0,FullRemoval
PL2818JP4,6,0.042,1,1,0,1,0,1,0,FullRemoval
PL1621,6.625984252,0.037,1,1,0,1,0,1,0,FullRemoval
PL1622,2.374015748,0.037,1,1,0,1,0,1,0,FullRemoval
PL1388/1-3,6,0.116,1,1,0,1,0,1,0,FullRemoval
PL1388JCP01/1-3,6,0.035,1,1,0,1,0,1,0,FullRemoval
PL1390JCP03/1-3,6,0.035,1,1,0,1,0,1,0,FullRemoval
PL1390JCP020/1-3,6,0.024,1,1,0,1,0,1,0,FullRemoval
PL1396,8,0.749,1,1,0,1,0,1,0,FullRemoval
PL1431,8,0.721,1,1,0,1,0,1,0,FullRemoval
PL1904,10,0.728,1,1,0,1,0,1,0,FullRemoval
PL2173,6,0.034,1,1,0,1,0,1,0,FullRemoval
PL1441.2,7.75,0.035,1,1,0,1,0,1,0,FullRemoval
PL1441.3,7.75,0.035,1,1,0,1,0,1,0,FullRemoval
PL1441.4,7.75,0.035,1,1,0,1,0,1,0,FullRemoval
PL1441.5,7.75,0.142,1,1,0,1,0,1,0,FullRemoval
PL1441.6,7.75,0.035,1,1,0,1,0,1,0,FullRemoval
PL1442.2,5.27,0.14,1,1,0,1,0,1,0,FullRemoval
PL1442.4,5.27,0.06,1,1,0,1,0,1,0,FullRemoval
PL1442.5,5.27,0.035,1,1,0,1,0,1,0,FullRemoval
PL1442.6,5.27,0.027,1,1,0,1,0,1,0,FullRemoval
PL1442.7,5.27,0.11,1,1,0,1,0,1,0,FullRemoval
PL1442.8,5.27,0.035,1,1,0,1,0,1,0,FullRemoval
PL3806,7.95,0.162,1,1,0,1,0,1,0,FullRemoval
PL3809,5.83,0.162,1,1,0,1,0,1,0,FullRemoval
PL2029JAW1,8,0.143,1,1,0,1,0,1,0,FullRemoval
PL2029JAW2,8,0.04,1,1,0,1,0,1,0,FullRemoval
PL854,12,26.75,1,1,0,1,0,1,0,FullRemoval
PL2810,12,28,1,1,0,1,0,1,0,FullRemoval
PL983,6,2.056,1,1,0,1,0,1,0,FullRemoval
PL984,2,2.056,1,1,0,1,0,1,0,FullRemoval
PL2329J1,4,0.043,1,1,0,1,0,1,0,FullRemoval
PL2329J2,4,0.0455,1,1,0,1,0,1,0,FullRemoval
PL2329J3,4,0.027,1,1,0,1,0,1,0,FullRemoval
PL2329J4,4,0.06,1,1,0,1,0,1,0,FullRemoval
PL2329J5,4,0.061,1,1,0,1,0,1,0,FullRemoval
PL2330J1,2.5,0.044,1,1,0,1,0,1,0,FullRemoval
PL2330J2,4,0.045,1,1,0,1,0,1,0,FullRemoval
PL2330J3,4,0.0285,1,1,0,1,0,1,0,FullRemoval
PL2330J4,2.5,0.06,1,1,0,1,0,1,0,FullRemoval
PL2330J5,2.5,0.05,1,1,0,1,0,1,0,FullRemoval
PL231,10.75,0.3131,1,1,0,1,0,1,0,FullRemoval
PL232,6.875,0.3156,1,1,0,1,0,1,0,FullRemoval
PL233,8,0.3198,1,1,0,1,0,1,0,FullRemoval
PL234,8.875,0.313,1,1,0,1,0,1,0,FullRemoval
PL235,4.5,0.3174,1,1,0,1,0,1,0,FullRemoval
PL4540,8.39,4.2825,1,1,0,1,0,1,0,FullRemoval
PL641,4.5,0.36059,1,1,0,1,0,1,0,FullRemoval
PL642,8.874,0.36363,1,1,0,1,0,1,0,FullRemoval
PL2409,8,0.007,1,0,1,1,0,1,0,FullRemoval
PL2434,6,0.003,1,0,0,1,0,1,0,FullRemoval
PL2672,6,0.01,1,0,0,1,0,1,0,FullRemoval
PL2672,6,0.002,1,0,0,1,0,1,0,FullRemoval
PL2057,6,0.005,1,0,0,1,0,1,0,FullRemoval
PL2057,6,0.003,1,0,0,1,0,1,0,FullRemoval
PL2057J1,6,0.01,1,0,0,1,0,1,0,FullRemoval
PL2057J1,6,0.003,1,0,0,1,0,1,0,FullRemoval
PL2418,2,0.005,1,0,0,1,0,1,0,FullRemoval
PL2418J1,2,0.004,1,0,0,1,0,1,0,FullRemoval
PL2409,8,0.047,1,0,0,1,0,1,0,FullRemoval
PL2409,8,0.03,1,0,0,1,0,1,0,FullRemoval
PL2409,8,0.007,1,0,0,1,0,1,0,FullRemoval
PL2806JP1,6.62,0.0635,1,0,0,1,0,1,0,FullRemoval
PL2806JP2,6.62,0.0635,1,0,0,1,0,1,0,FullRemoval
PL2806JP3,6.62,0.0635,1,0,0,1,0,1,0,FullRemoval
PL2806JP4,6.62,0.0635,1,0,0,1,0,1,0,FullRemoval
PL2807JP1,2.37,0.0641,1,0,0,1,0,1,0,FullRemoval
PL2807JP2,2.37,0.0657,1,0,0,1,0,1,0,FullRemoval
PL2807JP3,2.37,0.0668,1,0,0,1,0,1,0,FullRemoval
PL2807JP4,2.37,0.0673,1,0,0,1,0,1,0,FullRemoval
PL947,12,53,1,0,0,1,0,1,0,FullRemoval
PL1497,6,0.017,1,1,0,1,0,1,0,FullRemoval
PL1498,6,0.021,1,1,0,1,0,1,0,FullRemoval
PL1500,6,0.03,1,1,0,1,0,1,0,FullRemoval
PL1502,6,0.027,1,1,0,1,0,1,0,FullRemoval
PL2782,7.5,0.047,1,1,0,1,0,1,0,FullRemoval
PL2783,11.63,0.485,1,1,0,1,0,1,0,FullRemoval
PL126,12.75,1.697,1,1,0,1,0,1,0,FullRemoval
PL126A,12.75,0.08,1,1,0,1,0,1,0,FullRemoval
PL3022,4.5,0.012,1,1,0,1,0,1,0,FullRemoval
PL3023,4.5,0.016,1,1,0,1,0,1,0,FullRemoval
PL3024,4.5,0.2283,1,1,0,1,0,1,0,FullRemoval
PL3025,4.5,0.016,1,1,0,1,0,1,0,FullRemoval
PL1546,10,0.236,1,1,0,1,0,1,0,FullRemoval
PL1547,10,0.236,1,1,0,1,0,1,0,FullRemoval
PL1550,12,0.358,1,1,0,1,0,1,0,FullRemoval
PL1549,12,0.276,1,1,0,1,0,1,0,FullRemoval
PL1548,12,0.276,1,1,0,1,0,1,0,FullRemoval
PL1660,11.3,0.221,1,1,0,1,0,1,0,FullRemoval
PL1550,12,0.25,1,1,0,1,0,1,0,FullRemoval
PL1690,8,0.1,1,1,0,1,0,1,0,FullRemoval
PL2805,8,0.366,1,1,0,1,0,1,0,FullRemoval
PL2806,8,0.325,1,1,0,1,0,1,0,FullRemoval
PL2807,4,0.325,1,1,0,1,0,1,0,FullRemoval
PL3006,10,0.005,1,1,0,1,0,1,0,FullRemoval
PL3006,8,0.355,1,1,0,1,0,1,0,FullRemoval
PL3006JAP1,6,0.025,1,1,0,1,0,1,0,FullRemoval
PL3006JAP1,6,0.0618,1,1,0,1,0,1,0,FullRemoval
PL3006JAP2,6,0.025,1,1,0,1,0,1,0,FullRemoval
PL3006JAP2,6,0.0576,1,1,0,1,0,1,0,FullRemoval
PL3006JAP3,6,0.025,1,1,0,1,0,1,0,FullRemoval
PL3006JAP3,6,0.0447,1,1,0,1,0,1,0,FullRemoval
PL3006JAP4,6,0.025,1,1,0,1,0,1,0,FullRemoval
PL3006JAP4,6,0.064,1,1,0,1,0,1,0,FullRemoval
PL3006JAP5,6,0.025,1,1,0,1,0,1,0,FullRemoval
PL3006JAP5,6,0.04,1,1,0,1,0,1,0,FullRemoval
PL3006JAP6,6,0.025,1,1,0,1,0,1,0,FullRemoval
PL3006JAP6,6,0.057,1,1,0,1,0,1,0,FullRemoval
PL3007,10,0.005,1,1,0,1,0,1,0,FullRemoval
PL3007,8,0.352,1,1,0,1,0,1,0,FullRemoval
PL1326JW10,4,0.1,1,1,0,1,0,1,0,FullRemoval
PL1327JW12,6,0.1,1,1,0,1,0,1,0,FullRemoval
PL1328JW11,4,0.2,1,1,0,1,0,1,0,FullRemoval
PL1330JW10,2.5,0.1,1,1,0,1,0,1,0,FullRemoval
PL2569,2.5,0.1,1,1,0,1,0,1,0,FullRemoval
PL2571,2.5,0.1,1,1,0,1,0,1,0,FullRemoval
PL1978 (1 to 6),20,0.2,1,1,0,1,0,1,0,FullRemoval
PL1455A,12,0.5,1,1,0,1,0,1,0,FullRemoval
PL1450 (1.09),5,0.3,1,1,0,1,0,1,0,FullRemoval
PL1452 (1.17),7.5,0.3,1,1,0,1,0,1,0,FullRemoval
PL1453 (1.12),7.5,0.3,1,1,0,1,0,1,0,FullRemoval
PL2452,6,0.1,1,1,0,1,0,1,0,FullRemoval
PL1728,6,0.1,1,1,0,1,0,1,0,FullRemoval
PL1727,8,0.1,1,1,0,1,0,1,0,FullRemoval
PL2453,6,0.1,1,1,0,1,0,1,0,FullRemoval
PL1798B,12,0.3,1,1,0,1,0,1,0,FullRemoval
PL2524 (2.03),6,0.4,1,1,0,1,0,1,0,FullRemoval
PL947,12,0.048,1,1,0,1,0,1,0,FullRemoval
PL947,12,0.002,1,1,0,1,0,1,0,FullRemoval
PL947,8,0.046,1,1,0,1,0,1,0,FullRemoval
PL947,12,0.039,1,1,0,1,0,1,0,FullRemoval
PL2164,6,0.128,1,1,0,1,0,1,0,FullRemoval
PL2066JW12,8,0.035,1,1,0,1,0,1,0,FullRemoval
PL2066JWAB2,8,0.133,1,1,0,1,0,1,0,FullRemoval
PL1666,8,0.07,1,1,0,1,0,1,0,FullRemoval
PL1559,8,0.087,1,1,0,1,0,1,0,FullRemoval
PL1560,8,0.084,1,1,0,1,0,1,0,FullRemoval
PL2443JP1,6.625984252,0.05,1,1,0,1,0,1,0,FullRemoval
PL2443JP5,6.625984252,0.04,1,1,0,1,0,1,0,FullRemoval
PL2444JP2,6.625984252,0.04,1,1,0,1,0,1,0,FullRemoval
PL2444JP3,6.625984252,0.03,1,1,0,1,0,1,0,FullRemoval
PL2444JP4,6.625984252,0.04,1,1,0,1,0,1,0,FullRemoval
PL2445JP1,3.5,0.05,1,1,0,1,0,1,0,FullRemoval
PL2445JP2,3.5,0.05,1,1,0,1,0,1,0,FullRemoval
PL2445JP3,3.5,0.03,1,1,0,1,0,1,0,FullRemoval
PL2445JP4,3.5,0.05,1,1,0,1,0,1,0,FullRemoval
PL2445JP5,3.5,0.03,1,1,0,1,0,1,0,FullRemoval
PL2731,6.625984252,0.04,1,1,0,1,0,1,0,FullRemoval
PL2732,3.5,0.04,1,1,0,1,0,1,0,FullRemoval
PL3162,6.625984252,0.06,1,1,0,1,0,1,0,FullRemoval
PL3162JP7,3.5,0.05,1,1,0,1,0,1,0,FullRemoval
PL2799JPB1,6.625984252,0.05,1,1,0,1,0,1,0,FullRemoval
PL2800JPB1,3.5,0.05,1,1,0,1,0,1,0,FullRemoval
PL3707,6.625984252,0.11,1,1,0,1,0,1,0,FullRemoval
PL3708,3.5,0.11,1,1,0,1,0,1,0,FullRemoval
PL1631,13,0.22,1,1,0,1,0,1,0,FullRemoval
PL1631,14,0.062,1,1,0,1,0,1,0,FullRemoval
PL1632,12,0.05,1,1,0,1,0,1,0,FullRemoval
PL1656.1,6,0.6,1,1,0,1,0,1,0,FullRemoval
PL1656.2,6,0.58,1,1,0,1,0,1,0,FullRemoval
PL1656.2JP9,6,0.1,1,1,0,1,0,1,0,FullRemoval
PL1656.3,6,0.57,1,1,0,1,0,1,0,FullRemoval
PL1656.3JP7,6,0.1,1,1,0,1,0,1,0,FullRemoval
PL1656.3JP10,6,0.1,1,1,0,1,0,1,0,FullRemoval
PL1656.4,6,0.55,1,1,0,1,0,1,0,FullRemoval
PL1656.4JP1,6,0.055,1,1,0,1,0,1,0,FullRemoval
PL1656.4JP1,6,0.001,1,1,0,1,0,1,0,FullRemoval
PL1656.5,6,0.53,1,1,0,1,0,1,0,FullRemoval
PL1656.5JP2,6,0.0085,1,1,0,1,0,1,0,FullRemoval
PL1656.6,6,0.54,1,1,0,1,0,1,0,FullRemoval
PL2781,7.5,0.047,1,0,0,1,0,1,0,FullRemoval
PL2781,7.18,0.005,1,0,0,1,0,1,0,FullRemoval
PL2782,7.18,0.005,1,0,0,1,0,1,0,FullRemoval
PL2783,7.5,0.006,1,0,0,1,0,1,0,FullRemoval
PL3026,4.5,1.617,1,0,0,1,0,1,0,FullRemoval
PL128,4.5,1.856,1,0,0,1,0,1,0,FullRemoval
PL1336,10,0.1,1,0,0,1,0,1,0,FullRemoval
PL1337,6,0.1,1,0,0,1,0,1,0,FullRemoval
PL3121,12,0.08,1,0,0,1,0,1,0,FullRemoval
PL3121,12,0.05,1,0,0,1,0,1,0,FullRemoval
PL3121,6.625984252,0.06,1,0,0,1,0,1,0,FullRemoval
PL3121,6.625984252,0.03,1,0,0,1,0,1,0,FullRemoval
PL5,24,0.0648,1,0,0,1,0,1,0,FullRemoval
PL5,24,0.0828,1,0,0,1,0,1,0,FullRemoval
PL1631,14,0.06,1,0,0,1,0,1,0,FullRemoval
PL1632,10,0.2,1,0,0,1,0,1,0,FullRemoval
PL3008,8,2.111,1,1,0,1,1,0,1,FullRemoval
PL1332,8,2,1,1,0,1,1,0,1,FullRemoval
PL1333,6,2.8,1,1,0,1,1,0,1,FullRemoval
PL1334.1-5,,1.8,1,1,0,1,1,0,1,FullRemoval
PL575,8,0.492,1,1,0,1,1,0,1,FullRemoval
PL576,4,0.65,1,1,0,1,1,0,1,FullRemoval
PL1665,8,7.138,1,1,0,1,1,0,1,FullRemoval
PL2819,8,2.28,1,1,0,1,1,0,1,FullRemoval
PL2820,3,2.28,1,1,0,1,1,0,1,FullRemoval
PL2808,8.74,1.833,1,1,0,1,1,0,1,FullRemoval
PL2000,7.7,3.82,1,1,0,1,1,0,1,FullRemoval
PL2001,4.4,3.81,1,1,0,1,1,0,1,FullRemoval
PL644,3.8,7.995,1,1,0,1,1,0,1,FullRemoval
PL645,3.8,7.098,1,1,0,1,1,0,1,FullRemoval
PL646,3.8,5.841,1,1,0,1,1,0,1,FullRemoval
PL980,4.5,8.14915,1,1,0,1,1,0,1,FullRemoval
PL2328,7.5,9.67,1,1,0,1,1,0,1,FullRemoval
PL640,8.874,7.61327,1,0,0,1,1,0,1,FullRemoval
PL225,6.875,1.818,1,0,0,1,1,0,1,FullRemoval
PL226,6.875,1.625,1,0,0,1,1,0,1,FullRemoval
PL227,6.875,5.346,1,0,0,1,1,0,1,FullRemoval
PL228,6.875,3.311,1,0,0,1,1,0,1,FullRemoval
PL229,6.875,2.91,1,0,0,1,1,0,1,FullRemoval
PL230,6.875,2.701,1,0,0,1,1,0,1,FullRemoval
PL2057,5,5.6,1,1,0,1,0,1,1,FullRemoval
PL2818,8,2.28,1,1,0,1,0,1,1,FullRemoval
PL1441.1,12,9.02,1,1,0,1,0,1,1,FullRemoval
PL2806,10.58,1.803,1,1,0,1,0,1,1,FullRemoval
PL2807,4.39,1.835,1,1,0,1,0,1,1,FullRemoval
PL222A,7.539,5.083,1,1,0,1,0,1,1,FullRemoval
PL638,6.675,7.921,1,0,0,1,0,1,1,FullRemoval
PL639,8.8774,6.9435,1,0,0,1,0,1,1,FullRemoval
PL2350,6,9.576,1,0,0,1,0,1,1,FullRemoval
PL2351,3,9.583,1,0,0,1,0,1,1,FullRemoval
PL2329,10.75,9.272,1,0,0,1,0,1,1,FullRemoval
PL2330,6.6,9.272,1,0,0,1,0,1,1,FullRemoval
PL218,14,14.46,1,0,0,1,0,1,1,FullRemoval
PL219,2.375,1.297,1,0,0,1,0,1,1,FullRemoval
PL220,4.5,1.302,1,0,0,1,0,1,1,FullRemoval
PL221,2.375,5.045,1,0,0,1,0,1,1,FullRemoval
PL222,4.5,5.059,1,0,0,1,0,1,1,FullRemoval
PL223,2.375,1.693,1,0,0,1,0,1,1,FullRemoval
PL2245,4.5,1.698,1,0,0,1,0,1,1,FullRemoval
PL2565,6.626,3.917,1,0,0,1,0,1,1,FullRemoval
PL3006,10,1.848,1,1,0,1,0,1,1,FullRemoval
PL3007,10,1.799,1,1,0,1,0,1,1,FullRemoval
PL1326,7.8,1.6,1,1,0,1,0,1,1,FullRemoval
PL1327,7.8,1.4,1,1,0,1,0,1,1,FullRemoval
PL1328,7.8,1.4,1,1,0,1,0,1,1,FullRemoval
PL1329,8.9,1.4,1,1,0,1,0,1,1,FullRemoval
PL1330,4,2.3,1,1,0,1,0,1,1,FullRemoval
PL1331,3,2.8,1,1,0,1,0,1,1,FullRemoval
PL1979 (2),4,0.1,1,1,0,1,1,0,0,LeaveInSitu
PL1574,3,0.1,1,1,0,1,1,0,0,LeaveInSitu
PL1465,3,0.03,1,1,0,1,1,0,0,LeaveInSitu
PL2611,8,0.081,1,1,0,1,1,0,0,LeaveInSitu
PL1620,8.625984252,0.06,1,1,0,1,1,0,0,LeaveInSitu
PL1379/1-7,10,0.25,1,1,0,1,1,0,0,LeaveInSitu
PL1383/1-5,10,2.382,1,1,0,1,1,0,0,LeaveInSitu
PL1402/1-5,10,2.8,1,1,0,1,1,0,0,LeaveInSitu
PL1425/1-7,10,0.2,1,1,0,1,1,0,0,LeaveInSitu
PL1426/1-6,10,0.19,1,1,0,1,1,0,0,LeaveInSitu
PL1427/1-6,10,2.986,1,1,0,1,1,0,0,LeaveInSitu
PL1434/1-2,10,3.679,1,1,0,1,1,0,0,LeaveInSitu
PL1435/1-2,4,0.082,1,1,0,1,1,0,0,LeaveInSitu
PL1371/1-5,10,4.812,1,1,0,1,1,0,0,LeaveInSitu
PL1616,8.625984252,0.04,1,1,0,1,0,1,0,LeaveInSitu
PL1616,8.625984252,0.02,1,1,0,1,0,1,0,LeaveInSitu
PL1616,8.625984252,0.02,1,1,0,1,0,1,0,LeaveInSitu
PL1617,8.625984252,0.04,1,1,0,1,0,1,0,LeaveInSitu
PL1617,8.625984252,0.02,1,1,0,1,0,1,0,LeaveInSitu
PL1617,8.625984252,0.02,1,1,0,1,0,1,0,LeaveInSitu
PL1618,4.5,0.04,1,1,0,1,0,1,0,LeaveInSitu
PL1618,4.5,0.045,1,1,0,1,0,1,0,LeaveInSitu
PL1618,4.5,0.055,1,1,0,1,0,1,0,LeaveInSitu
PL1624,8.625984252,0.02,1,1,0,1,0,1,0,LeaveInSitu
PL1624,8.625984252,0.02,1,1,0,1,0,1,0,LeaveInSitu
PL1625,3.5,0.02,1,1,0,1,0,1,0,LeaveInSitu
PL1625,3.5,0.02,1,1,0,1,0,1,0,LeaveInSitu
PL1445,3,0.16,1,1,0,1,0,1,0,LeaveInSitu
PL64,30,117.3,1,0,1,1,0,1,0,LeaveInSitu
PL896,30,23,1,0,1,1,0,1,0,LeaveInSitu
PL1059.1-2,8,0.1,1,0,0,1,0,1,0,LeaveInSitu
PL1572,16,0.1,1,1,0,1,0,1,0,LeaveInSitu
PL1464,16,0.03,1,1,0,1,0,1,0,LeaveInSitu
PL2610,6,0.081,1,1,0,1,0,1,0,LeaveInSitu
PL148,20,13,1,0,0,0,0,0,0,LeaveInSitu
PL1866,4.153543307,13.408,1,1,0,1,1,0,1,LeaveInSitu
PL2839,2,22.24,1,1,0,1,1,0,1,LeaveInSitu
PL1273.1 to PL1273.3,3.7,7,1,1,0,1,1,0,1,LeaveInSitu
PL955,6,4.9,1,1,0,1,1,0,1,LeaveInSitu
PL1094,3,19.5,1,1,0,1,1,0,1,LeaveInSitu
PL1092,3,14.3,1,1,0,1,1,0,1,LeaveInSitu
PL1695,3,4.5,1,1,0,1,1,0,1,LeaveInSitu
PL1451 (1.02),,23,1,1,0,1,1,0,1,LeaveInSitu
PL1454 (1.02),,1.7,1,1,0,1,1,0,1,LeaveInSitu
PL1454 (1.08),,0.1,1,1,0,1,1,0,1,LeaveInSitu
PL161,3,139.2,1,1,0,1,1,0,1,LeaveInSitu
PL134,3,10.9,1,1,0,1,1,0,1,LeaveInSitu
PL1573,3,13.6,1,1,0,1,1,0,1,LeaveInSitu
PL2644,3,27.5,1,1,0,1,1,0,1,LeaveInSitu
PL1768,4.5,8.7,1,1,0,1,1,0,1,LeaveInSitu
PL252,8,4.8,1,1,0,1,1,0,1,LeaveInSitu
PL2559,8,10.5,1,1,0,1,1,0,1,LeaveInSitu
PL2560,8,0.8,1,1,0,1,1,0,1,LeaveInSitu
PL948,4,17.6,1,1,0,1,1,0,1,LeaveInSitu
PL132,2,4.023,1,1,0,1,1,0,1,LeaveInSitu
PL131,2,4.148,1,1,0,1,1,0,1,LeaveInSitu
PL133,2,12.875,1,1,0,1,1,0,1,LeaveInSitu
PL66,2,5.1,1,1,0,1,1,0,1,LeaveInSitu
PL130,2,5.592,1,1,0,1,1,0,1,LeaveInSitu
PL933,4,34.5,1,1,0,1,1,0,1,LeaveInSitu
PL2492,4,10,1,1,0,1,1,0,1,LeaveInSitu
PL373,4,4.8,1,1,0,1,1,0,1,LeaveInSitu
PL374,4,9.3,1,1,0,1,1,0,1,LeaveInSitu
PL1636,5,11.2,1,1,0,1,1,0,1,LeaveInSitu
PL1638,5,4.5,1,1,0,1,1,0,1,LeaveInSitu
PL1058.1-2,5,19.9,1,1,0,1,1,0,1,LeaveInSitu
PL1619.1 to PL1619.2,0.75,21.6,1,1,0,1,1,0,1,LeaveInSitu
PL1619.3 to PL1619.8,0.5,21.6,1,1,0,1,1,0,1,LeaveInSitu
PL1620,8.625984252,21.6,1,1,0,1,1,0,1,LeaveInSitu
PL1626.1 to PL1626.2,0.75,5.6,1,1,0,1,1,0,1,LeaveInSitu
PL1626.3 to PL1626.8,0.5,5.6,1,1,0,1,1,0,1,LeaveInSitu
PL303,3.015748031,3.5,1,1,0,1,1,0,1,LeaveInSitu
PL479-487,3.015748031,2.5,1,1,0,1,1,0,1,LeaveInSitu
PL2031,6,77.6,1,1,0,1,1,0,1,LeaveInSitu
PL2032,4,11.869,1,1,0,1,1,0,1,LeaveInSitu
PL455,3,118.503,1,1,0,1,1,0,1,LeaveInSitu
PL111,8,5.28,1,0,1,1,1,0,1,LeaveInSitu
PL855,3,23.7,1,0,0,1,1,0,1,LeaveInSitu
PL212,3,13.5,1,0,0,1,1,0,1,LeaveInSitu
PL1096,3,5.1,1,0,0,1,1,0,1,LeaveInSitu
PL2081,2.5,20.6,1,0,0,1,1,0,1,LeaveInSitu
PL932,3,33.9,1,0,0,1,1,0,1,LeaveInSitu
PL1637,8,4.6,1,1,0,1,0,1,1,LeaveInSitu
PL2047/JP2,8,3.3,1,1,0,1,0,1,1,LeaveInSitu
PL2047/JP3,8,2.6,1,1,0,1,0,1,1,LeaveInSitu
PL1616,8.625984252,21.6,1,1,0,1,0,1,1,LeaveInSitu
PL1617,8.625984252,21.6,1,1,0,1,0,1,1,LeaveInSitu
PL1618,4.5,21.6,1,1,0,1,0,1,1,LeaveInSitu
PL1624,8.625984252,5,1,1,0,1,0,1,1,LeaveInSitu
PL1625,3.5,0.6,1,1,0,1,0,1,1,LeaveInSitu
PL2029,18,77.6,1,1,0,1,0,1,1,LeaveInSitu
PL2030,12,11.869,1,1,0,1,0,1,1,LeaveInSitu
PL931,16,33.9,1,0,1,1,0,1,1,LeaveInSitu
PL2491,8,10,1,0,1,1,0,1,1,LeaveInSitu
PL370,24,89.5,1,0,1,1,0,1,1,LeaveInSitu
PL371,8,9.3,1,0,1,1,0,1,1,LeaveInSitu
PL372,8,4.8,1,0,1,1,0,1,1,LeaveInSitu
PL1635,8,11.2,1,0,1,1,0,1,1,LeaveInSitu
PL1057,12,19.8,1,0,1,1,0,1,1,LeaveInSitu
PL2409,12,28.2,1,0,0,1,0,1,1,LeaveInSitu
PL2080,10,20.6,1,0,0,1,0,1,1,LeaveInSitu
PL2047,12,29.2,1,0,0,1,0,1,1,LeaveInSitu
PL2047/JP1,8,0.07,1,0,0,1,0,1,1,LeaveInSitu
PL80,20,3.88,1,0,0,1,0,1,1,LeaveInSitu
PL81,24,9.14,1,0,0,1,0,1,1,LeaveInSitu
PL82,16,3.22,1,0,0,1,0,1,1,LeaveInSitu
PL302,12.75,3.35,1,0,0,1,0,1,1,LeaveInSitu
PL402,10.75,2.4,1,0,0,1,0,1,1,LeaveInSitu
PL2805,8.63,11.99,1,0,0,1,0,1,1,LeaveInSitu
PL454,36,118.499,1,0,0,1,0,1,1,LeaveInSitu
PL1488,10,8.3,1,1,0,1,0,1,1,LeaveInSitu
PL1489,10,8.3,1,1,0,1,0,1,1,LeaveInSitu
PL2782,11.63,5.202,1,1,0,1,0,1,1,LeaveInSitu
PL401,12.75,54.043,1,1,0,1,0,1,1,LeaveInSitu
PL1865,8.625984252,13.461,1,1,0,1,0,1,1,LeaveInSitu
PL1865A,8.625984252,13.189,1,1,0,1,0,1,1,LeaveInSitu
PL2838,10,22.315,1,1,0,1,0,1,1,LeaveInSitu
PL1694,12,4.5,1,1,0,1,0,1,1,LeaveInSitu
PL1978 (7 to 9),20,0.2,1,1,0,1,0,1,1,LeaveInSitu
PL1455B,12,26.6,1,1,0,1,0,1,1,LeaveInSitu
PL1450 (1.08),5.5,2.4,1,1,0,1,0,1,1,LeaveInSitu
PL1452 (1.15 & 1.16),8.25,1.6,1,1,0,1,0,1,1,LeaveInSitu
PL1453 (1.10 & 1.11),8.25,1.6,1,1,0,1,0,1,1,LeaveInSitu
PL2523,8,5.7,1,1,0,1,0,1,1,LeaveInSitu
PL2524 (2.04 to 2.08),3,5.7,1,1,0,1,0,1,1,LeaveInSitu
PL27,28,139.2,1,1,0,1,0,1,1,LeaveInSitu
PL88,24,10.9,1,1,0,1,0,1,1,LeaveInSitu
PL1571,16,13.6,1,1,0,1,0,1,1,LeaveInSitu
PL2643,16,27.5,1,1,0,1,0,1,1,LeaveInSitu
PL1767,10,8.7,1,1,0,1,0,1,1,LeaveInSitu
PL1958,8,8.309,1,1,0,1,0,1,1,LeaveInSitu
PL2557,6,10.5,1,1,0,1,0,1,1,LeaveInSitu
PL2558,6,0.8,1,1,0,1,0,1,1,LeaveInSitu
PL947,12,41.8,1,1,0,1,0,1,1,LeaveInSitu
PL89,12,4.023,1,1,0,1,0,1,1,LeaveInSitu
PL90,12,4.148,1,1,0,1,0,1,1,LeaveInSitu
PL91,12,12.875,1,1,0,1,0,1,1,LeaveInSitu
PL92,12,5.1,1,1,0,1,0,1,1,LeaveInSitu
PL93,12,5.592,1,1,0,1,0,1,1,LeaveInSitu
PL16,16,58.98,1,0,1,1,0,1,1,LeaveInSitu
PL112,6,5.213,1,0,1,1,0,1,1,LeaveInSitu
PL2781,11.63,4.377,1,0,0,1,0,1,1,LeaveInSitu
PL1273,8,6.8,1,0,0,1,0,1,1,LeaveInSitu
PL954,8,4.9,1,0,0,1,0,1,1,LeaveInSitu
PL854,12,23.7,1,0,0,1,0,1,1,LeaveInSitu
PL1098,18,19.5,1,0,0,1,0,1,1,LeaveInSitu
PL1091,12,14.3,1,0,0,1,0,1,1,LeaveInSitu
PL3121,12,22,1,0,0,1,0,1,1,LeaveInSitu
PL5,24,31.7,1,0,0,1,0,1,1,LeaveInSitu
PL211,16,13.5,1,0,0,1,0,1,1,LeaveInSitu
PL1095,12,5.1,1,0,0,1,0,1,1,LeaveInSitu
PL147,10,13,1,0,0,0,0,0,1,LeaveInSitu
PL993,2,0.058,1,1,0,1,1,0,0,PartialRemoval
PL993,2,0.093,1,1,0,1,1,0,0,PartialRemoval
PL993,3,0.052,1,1,0,1,1,0,0,PartialRemoval
PL735A,8,0.234,1,1,0,1,1,0,0,PartialRemoval
PL735A,10,6600,1,1,0,1,1,0,0,PartialRemoval
PL746,6,0.025,1,1,0,1,1,0,0,PartialRemoval
PL747,6,0.025,1,1,0,1,1,0,0,PartialRemoval
PL748,6,0.025,1,1,0,1,1,0,0,PartialRemoval
PL749,6,0.025,1,1,0,1,1,0,0,PartialRemoval
PL735,8,0.055,1,1,0,1,1,0,0,PartialRemoval
PL735,8,0.055,1,1,0,1,1,0,0,PartialRemoval
PL736,3,0.65,1,1,0,1,1,0,0,PartialRemoval
PL736,5,0.891,1,1,0,1,1,0,0,PartialRemoval
PL754,3.5,0.054,1,1,0,1,1,0,0,PartialRemoval
PL755,3.5,0.12,1,1,0,1,1,0,0,PartialRemoval
PL756,3.5,0.092,1,1,0,1,1,0,0,PartialRemoval
PWA 4/W/90,3.5,0.092,1,1,0,1,1,0,0,PartialRemoval
PL757,3.5,0.032,1,1,0,1,1,0,0,PartialRemoval
PL758,3.5,0.042,1,1,0,1,1,0,0,PartialRemoval
PWA 4/W/90,3.5,0.042,1,1,0,1,1,0,0,PartialRemoval
PL759,3.5,0.069,1,1,0,1,1,0,0,PartialRemoval
PL760,3.5,0.12,1,1,0,1,1,0,0,PartialRemoval
PL761,3.5,0.135,1,1,0,1,1,0,0,PartialRemoval
PL737,3,0.05,1,1,0,1,1,0,0,PartialRemoval
PL3001JWP1,3,0.024,1,1,0,1,1,0,0,PartialRemoval
PL3001JWP2,3,0.024,1,1,0,1,1,0,0,PartialRemoval
PL3001JWP3,3,0.033,1,1,0,1,1,0,0,PartialRemoval
PL3001JWP4,3,0.033,1,1,0,1,1,0,0,PartialRemoval
PL3001JWP4A,3,0.033,1,1,0,1,1,0,0,PartialRemoval
PL3001JWP5,3,0.047,1,1,0,1,1,0,0,PartialRemoval
PL3001JWP6,3,0.047,1,1,0,1,1,0,0,PartialRemoval
PL3001JWP7,3,0.024,1,1,0,1,1,0,0,PartialRemoval
PL3960-PL3966,3.5,0.08,1,1,0,1,1,0,0,PartialRemoval
PL3967-PL3973,3.5,0.094,1,1,0,1,1,0,0,PartialRemoval
PL3974-PL3980,3.5,0.066,1,1,0,1,1,0,0,PartialRemoval
PL3981-PL3987,3.5,0.032,1,1,0,1,1,0,0,PartialRemoval
PL1556,4,0.46,1,1,0,1,1,0,0,PartialRemoval
PL1667,3.5,0.05,1,1,0,1,1,0,0,PartialRemoval
PL1895,5.47,7.315,1,1,0,1,1,0,0,PartialRemoval
PL1842.4JW12,6.63,0.021,1,1,0,1,1,0,0,PartialRemoval
PL1842.5JAQ2,6.63,0.036,1,1,0,1,1,0,0,PartialRemoval
PL1842.5JAQ2,12.75,0.24,1,1,0,1,1,0,0,PartialRemoval
PL1841.4JWI1,6.63,0.041,1,1,0,1,1,0,0,PartialRemoval
PL1841.3JWI1,2.37,0.041,1,1,0,1,1,0,0,PartialRemoval
PL124,12.75,1.99,1,1,0,1,1,0,0,PartialRemoval
PL735A,10,0.0035,1,0,0,1,1,0,0,PartialRemoval
PL735,10,3.239,1,0,0,1,1,0,0,PartialRemoval
PL735,10,3.237,1,0,0,1,1,0,0,PartialRemoval
PL23837,0.5,0.1,0,1,0,1,1,0,0,PartialRemoval
PL4337,0.5,0.09,0,1,0,1,1,0,0,PartialRemoval
PL1841,42.5,2.117,1,1,0,1,0,1,0,PartialRemoval
PL1842,47.5,2.137,1,1,0,1,0,1,0,PartialRemoval
PL1842.2JP1,6.63,0.032,1,1,0,1,0,1,0,PartialRemoval
PL1842.3JP1,2.37,0.032,1,1,0,1,0,1,0,PartialRemoval
PL1842.2JP2,6.63,0.028,1,1,0,1,0,1,0,PartialRemoval
PL1842.3JP2,2.37,0.028,1,1,0,1,0,1,0,PartialRemoval
PL1842.3JAQ2,2.37,0.028,1,1,0,1,0,1,0,PartialRemoval
PL1842.2JP7,6.63,0.061,1,1,0,1,0,1,0,PartialRemoval
PL1842.3JP7,2.37,0.061,1,1,0,1,0,1,0,PartialRemoval
PL1843,6.63,0.16,1,1,0,1,0,1,0,PartialRemoval
PL1842.1,12.75,0.119,1,1,0,1,0,1,0,PartialRemoval
PL1842.2,8.63,0.131,1,1,0,1,0,1,0,PartialRemoval
PL1842.3,6.63,0.155,1,1,0,1,0,1,0,PartialRemoval
PL1841.1JP6,6.63,0.047,1,1,0,1,0,1,0,PartialRemoval
PL1841.3JP6,2.37,0.047,1,1,0,1,0,1,0,PartialRemoval
PL1841.1JP9,6.63,0.028,1,1,0,1,0,1,0,PartialRemoval
PL1841.3JP9,2.37,0.028,1,1,0,1,0,1,0,PartialRemoval
PL1841.1JP3,6.63,0.022,1,1,0,1,0,1,0,PartialRemoval
PL1841.3JP3,2.37,0.022,1,1,0,1,0,1,0,PartialRemoval
PL1841.1JP4,6.63,0.035,1,1,0,1,0,1,0,PartialRemoval
PL1841.3JP4,2.37,0.035,1,1,0,1,0,1,0,PartialRemoval
PL1841.1J10,6.63,0.022,1,1,0,1,0,1,0,PartialRemoval
PL1841.3JP10,2.37,0.022,1,1,0,1,0,1,0,PartialRemoval
PL1841.1JP5,6.63,0.022,1,1,0,1,0,1,0,PartialRemoval
PL1841.3JP5,2.37,0.022,1,1,0,1,0,1,0,PartialRemoval
PL1841.1JP8,6.63,0.028,1,1,0,1,0,1,0,PartialRemoval
PL1841.3JP8,2.37,0.028,1,1,0,1,0,1,0,PartialRemoval
PL1987,10,0.088,1,1,0,1,0,1,0,PartialRemoval
PL1987,10,0.097,1,1,0,1,0,1,0,PartialRemoval
PL1987,10,0.046,1,1,0,1,0,1,0,PartialRemoval
PL2567,6,0.04,1,1,0,1,0,1,0,PartialRemoval
PL123,12.75,0.75,1,1,0,1,0,1,0,PartialRemoval
PL125,12.75,1.23,1,1,0,1,0,1,0,PartialRemoval
PL1384,10,3.375,1,1,0,1,0,1,0,PartialRemoval
PL1385,10,3.305,1,1,0,1,0,1,0,PartialRemoval
PL1386,10,3.372,1,1,0,1,0,1,0,PartialRemoval
PL1387,8,3.407,1,1,0,1,0,1,0,PartialRemoval
PL1415,8,3.663,1,1,0,1,0,1,0,PartialRemoval
PL1416,10,3.652,1,1,0,1,0,1,0,PartialRemoval
PL2141,10,2.99,1,1,0,1,0,1,0,PartialRemoval
PL2245,10,3.75,1,1,0,1,0,1,0,PartialRemoval
PL1360,10,6.586,1,1,0,1,0,1,0,PartialRemoval
PL1361,8,6.555,1,1,0,1,0,1,0,PartialRemoval
PL1969(J)BW,6,0.055,1,1,0,1,0,1,0,PartialRemoval
PL115,16,19.1,1,0,1,1,0,1,0,PartialRemoval
PL894,18,0.45,1,0,1,1,0,1,0,PartialRemoval
PL895,18,0.45,1,0,1,1,0,1,0,PartialRemoval
PL896,30,0.45,1,0,1,1,0,1,0,PartialRemoval
PL360,18,12.3,1,0,1,1,0,1,0,PartialRemoval
PL361,18,12.7,1,0,1,1,0,1,0,PartialRemoval
PL894,18,15,1,0,1,1,0,1,0,PartialRemoval
PL895,18,15,1,0,1,1,0,1,0,PartialRemoval
PL301,8,0.265,1,0,1,1,0,1,0,PartialRemoval
PL165,6,0.6,1,0,0,1,0,1,0,PartialRemoval
PL992,12,0.058,1,1,0,1,0,1,0,PartialRemoval
PL992,12,0.088,1,1,0,1,0,1,0,PartialRemoval
PL992,12,0.049,1,1,0,1,0,1,0,PartialRemoval
PL738,6,0.025,1,1,0,1,0,1,0,PartialRemoval
PL739,6,0.025,1,1,0,1,0,1,0,PartialRemoval
PL740,6,0.025,1,1,0,1,0,1,0,PartialRemoval
PL741,6,0.025,1,1,0,1,0,1,0,PartialRemoval
PL742,6,0.04,1,1,0,1,0,1,0,PartialRemoval
PL743,6,0.04,1,1,0,1,0,1,0,PartialRemoval
PL744,6,0.04,1,1,0,1,0,1,0,PartialRemoval
PL745,6,0.04,1,1,0,1,0,1,0,PartialRemoval
PL734,6,0.04,1,1,0,1,0,1,0,PartialRemoval
PL734,8,0.05,1,1,0,1,0,1,0,PartialRemoval
PL733,8,0.055,1,1,0,1,0,1,0,PartialRemoval
PL734,8,0.255,1,1,0,1,0,1,0,PartialRemoval
PL733,8,0.255,1,1,0,1,0,1,0,PartialRemoval
PL733,8,2.871,1,0,0,1,0,1,0,PartialRemoval
PL734,8,2.871,1,0,0,1,0,1,0,PartialRemoval
PL733,8,3.239,1,0,0,1,0,1,0,PartialRemoval
PL734,8,3.241,1,0,0,1,0,1,0,PartialRemoval
PL734,8,0.09,1,0,0,1,0,1,0,PartialRemoval
PL733,8,0.09,1,0,0,1,0,1,0,PartialRemoval
PL2852,4,0.055,1,0,0,1,0,1,0,PartialRemoval
PL2852,4,0.048,1,0,0,1,0,1,0,PartialRemoval
PL2852,4,0.0065,1,0,0,1,0,1,0,PartialRemoval
PL2852,4,0.127,1,0,0,1,0,1,0,PartialRemoval
PL2852,4,0.004,1,0,0,1,0,1,0,PartialRemoval
PL2852,4,0.186,1,0,0,1,0,1,0,PartialRemoval
PL1550A,12,0.276,1,0,0,0,0,0,0,PartialRemoval
PL3084,6,12.28,1,1,0,1,1,0,1,PartialRemoval
PL148,6,24.968,1,1,0,1,1,0,1,PartialRemoval
PL148,5,25.285,1,1,0,1,1,0,1,PartialRemoval
PL204,2,3.578,1,1,0,1,1,0,1,PartialRemoval
PL205,2,3.569,1,1,0,1,1,0,1,PartialRemoval
PL2067,4.5,13.4,1,1,0,1,1,0,1,PartialRemoval
PL497,3,16.96,1,1,0,1,1,0,1,PartialRemoval
PL993,2,2.347,1,1,0,1,1,0,1,PartialRemoval
PL993,2,3.127,1,1,0,1,1,0,1,PartialRemoval
PL736,5,6.7,1,1,0,1,1,0,1,PartialRemoval
PL1545,4,6.4,1,1,0,1,1,0,1,PartialRemoval
PL1557,3,6.95,1,1,0,1,1,0,1,PartialRemoval
PL2446,12.05511811,1.65,1,1,0,1,1,0,1,PartialRemoval
PL2446JI2,12.05511811,4.16,1,1,0,1,1,0,1,PartialRemoval
PL2919,10.43700787,6.7,1,1,0,1,1,0,1,PartialRemoval
PL637,5,7,1,1,0,1,1,0,1,PartialRemoval
PL1443.1,6,6.2,1,1,0,1,1,0,1,PartialRemoval
PL1444.1,4,62,1,1,0,1,1,0,1,PartialRemoval
PL2285,,,1,0,0,1,1,0,1,PartialRemoval
PL724,3,4.42,1,0,0,1,1,0,1,PartialRemoval
PL634,10,7,1,0,0,1,1,0,1,PartialRemoval
PL635,4,7,1,0,0,1,1,0,1,PartialRemoval
PL1987,10,9.042,1,1,0,1,0,1,1,PartialRemoval
PL2567,6,5.105,1,1,0,1,0,1,1,PartialRemoval
PL2567,6,2.226,1,1,0,1,0,1,1,PartialRemoval
PL1969,10,12,1,1,0,1,0,1,1,PartialRemoval
PL636-1,6,7,1,1,0,1,0,1,1,PartialRemoval
PL636-2,6,7,1,1,0,1,0,1,1,PartialRemoval
PL1442.1,6,9.02,1,1,0,1,0,1,1,PartialRemoval
PL1447,6,2.3,1,1,0,1,0,1,1,PartialRemoval
PL1448,2,2.3,1,1,0,1,0,1,1,PartialRemoval
PL301,8,78.62,1,0,1,1,0,1,1,PartialRemoval
PL301,8,37.408,1,0,1,1,0,1,1,PartialRemoval
PL194,24,3.673,1,1,0,1,0,1,1,PartialRemoval
PL195,24,3.461,1,1,0,1,0,1,1,PartialRemoval
PL1838,16,67.005,1,1,0,1,0,1,1,PartialRemoval
PL112A,6,1.55,1,1,0,1,0,1,1,PartialRemoval
PL2066,10,17.8,1,1,0,1,0,1,1,PartialRemoval
FL496,20,16.89,1,1,0,1,0,1,1,PartialRemoval
PL2468,12,4.771,1,1,0,1,0,1,1,PartialRemoval
PL2468,12,4.304,1,1,0,1,0,1,1,PartialRemoval
PL992,12,2.35,1,1,0,1,0,1,1,PartialRemoval
PL992,12,3.13,1,1,0,1,0,1,1,PartialRemoval
PL1555,8,7.139,1,1,0,1,0,1,1,PartialRemoval
PL2443,16.61023622,1.64,1,1,0,1,0,1,1,PartialRemoval
PL2444,16.61023622,1.67,1,1,0,1,0,1,1,PartialRemoval
PL2445,6.913385827,1.63,1,1,0,1,0,1,1,PartialRemoval
PL2448,8.480314961,6.16,1,1,0,1,0,1,1,PartialRemoval
PL2799,15.7480315,5.87,1,1,0,1,0,1,1,PartialRemoval
PL2800,5.42519685,5.79,1,1,0,1,0,1,1,PartialRemoval
PL1631,14,16.19,1,1,0,1,0,1,1,PartialRemoval
PL1632,12,35.91,1,1,0,1,0,1,1,PartialRemoval
PL723,14,4.34,1,0,1,1,0,1,1,PartialRemoval
PL3083,10,11.97,1,0,0,1,0,1,1,PartialRemoval
PL148,10,25.027,1,0,0,1,0,1,1,PartialRemoval
PL2284,,,1,0,0,1,0,1,1,PartialRemoval
PL2401,8,0.04,1,0,0,1,0,1,1,PartialRemoval
PL2401,8,3.7,1,0,0,1,0,1,1,PartialRemoval
PL2852,4,10.265,1,0,0,1,0,1,1,PartialRemoval
PL1099,4,15.1,1,1,0,0,0,0,1,PartialRemoval
